nu,kappa,omega
0.03389645128861144,0.007513007559784404,0.7327164207585202
0.3923865428951133,2.8394780826332153e-08,5.909161863601562e-05
0.28603579912274996,0.046625239092672195,4.001331535505066e-16
