nu,kappa,omega
0.06971961952349985,0.08779591058888404,0.011237681867686382
0.028139258456940673,0.18115244000473757,0.13159079662865897
0.03509574550103177,0.0654035528900555,0.2630787455119506
