lr,w
0.9999998079998083,0.018811254811254813
0.018822642822642826,0.9999999279999282
