lr,w
0.0,0.5523966273954202
0.5521560518641717,0.0
