Kp,Ki,Kd,lamda
0.9213965493965495,-0.07453417453417453,0.04178659778659779,-0.0912857712857713
-0.014875286875286876,0.9245438285438285,0.056641172641172646,0.004154740154740155
0.06734262734262735,0.07112779112779113,0.9585968745968746,0.03337108537108537
-0.02749391149391149,0.1546872466872467,-0.01844718644718645,0.9230783990783991
