Kp,Ki,Kd,lamda
0.0,0.018407915164545728,0.1867241152392414,0.003863054739889219
0.6384725260773942,0.0,0.07339792864108573,0.8956007521416202
0.03322821534339351,0.024493772405175473,0.0,0.29176383074666945
0.3851148811548287,8.872128526293816e-07,0.5601146464602154,0.0
