lamda,omega,v0
0.9995112635112636,0.03226947226947227,0.00042703242703242704
0.03174675174675175,0.9994050274050276,-0.000365964365964366
0.0001923841923841924,-0.002846858846858847,0.9995103995103995
