lamda,omega,v0
0.0,0.30799435749859305,0.9892392076919956
0.3159006151691755,0.0,0.9907779879420129
0.9951519927882587,0.928356217960817,0.0
